idx,fault_id,GZEEB,fault_name,gzeld,gzece,cover_pct,evidence_class,structural_type,checks
0,F064,01,,109,72.0,0,实测,断层泛称,一般断层兜底（码义无法标定：名无语义+无辅助点语义）
1,F060,01,,109,69.0,0,实测,断层泛称,一般断层兜底（码义无法标定：名无语义+无辅助点语义）
2,F119,01,,109,,0,实测,断层泛称,一般断层兜底（码义无法标定：名无语义+无辅助点语义）
5,F147,01,,109,,0,实测,断层泛称,一般断层兜底（码义无法标定：名无语义+无辅助点语义）
6,F061,01,,109,,0,实测,断层泛称,一般断层兜底（码义无法标定：名无语义+无辅助点语义）
8,F047,01,,109,,0,实测,断层泛称,一般断层兜底（码义无法标定：名无语义+无辅助点语义）
9,F083,01,,109,,0,实测,断层泛称,一般断层兜底（码义无法标定：名无语义+无辅助点语义）
13,F146,01,,109,,0,实测,断层泛称,一般断层兜底（码义无法标定：名无语义+无辅助点语义）
14,F146,01,,109,,0,实测,断层泛称,一般断层兜底（码义无法标定：名无语义+无辅助点语义）
16,F045,01,,109,,0,实测,断层泛称,aux 组数×1；一般断层兜底（码义无法标定：名无语义+无辅助点语义）
18,F016,01,,109,,0,实测,断层泛称,aux 组数×1；一般断层兜底（码义无法标定：名无语义+无辅助点语义）
27,F124,01,,109,,0,实测,断层泛称,一般断层兜底（码义无法标定：名无语义+无辅助点语义）
28,F113,01,,109,68.0,0,实测,断层泛称,一般断层兜底（码义无法标定：名无语义+无辅助点语义）
32,F132,01,,109,,0,实测,断层泛称,一般断层兜底（码义无法标定：名无语义+无辅助点语义）
47,F023,01,,109,70.0,0,实测,断层泛称,一般断层兜底（码义无法标定：名无语义+无辅助点语义）
48,F138,01,,109,,0,实测,断层泛称,一般断层兜底（码义无法标定：名无语义+无辅助点语义）
55,F092,01,,109,,0,实测,断层泛称,一般断层兜底（码义无法标定：名无语义+无辅助点语义）
98,F036,01,,109,,0,实测,断层泛称,aux 组数×1；一般断层兜底（码义无法标定：名无语义+无辅助点语义）
110,F130,01,,109,80.0,0,实测,断层泛称,一般断层兜底（码义无法标定：名无语义+无辅助点语义）
134,F110,01,,109,68.0,0,实测,断层泛称,一般断层兜底（码义无法标定：名无语义+无辅助点语义）
156,F084,01,,109,,0,实测,断层泛称,一般断层兜底（码义无法标定：名无语义+无辅助点语义）
159,F100,01,,109,74.0,0,实测,断层泛称,一般断层兜底（码义无法标定：名无语义+无辅助点语义）
173,F122,01,,109,,0,实测,断层泛称,一般断层兜底（码义无法标定：名无语义+无辅助点语义）
203,F121,01,,109,50.0,0,实测,断层泛称,一般断层兜底（码义无法标定：名无语义+无辅助点语义）
238,F143,01,,109,,0,实测,断层泛称,一般断层兜底（码义无法标定：名无语义+无辅助点语义）
245,F108,01,,109,,0,实测,断层泛称,一般断层兜底（码义无法标定：名无语义+无辅助点语义）
299,F129,01,,109,,0,实测,断层泛称,一般断层兜底（码义无法标定：名无语义+无辅助点语义）
