fault_id,segs,issue,evidence,status
F086,24,GZEEB=28（边界断裂）码义全继承,段级标定 推覆体边界 让位码级语义（全继承）——段级证据（aux 组数×1；老盖新（倾向盘 230 老于下盘 503，与逆断层编码值不同——推覆体界线判据））如实保留待裁定,pending_review
F052,56,GZEEB=28（边界断裂）码义全继承,段级标定 推覆体边界 让位码级语义（全继承）——段级证据（老盖新（倾向盘 803 老于下盘 901，与逆断层编码值不同——推覆体界线判据））如实保留待裁定,pending_review
F001,176,GZEEB=05（逆断层）码义全继承,段级标定 推覆体边界 让位码级语义（全继承）——段级证据（aux 组数×5；老盖新（倾向盘 702 老于下盘 1202，与逆断层编码值不同——推覆体界线判据））如实保留待裁定,pending_review
F001,208,GZEEB=28（边界断裂）码义全继承,段级标定 推覆体边界 让位码级语义（全继承）——段级证据（aux 组数×5；老盖新（倾向盘 601 老于下盘 903，与逆断层编码值不同——推覆体界线判据））如实保留待裁定,pending_review
F117,300,GZEEB=07（推覆体边界）码义全继承,段级标定 活动断层 让位码级语义（全继承）——段级证据（位于第四系松散沉积物内 100%——推测断层强证据；Q-地层边界重合 2923m；活动性佐证（Q-地层边界重合 2923m/100%段长，单段强型））如实保留待裁定,pending_review
F018,96,GZEEB=05(逆断层) 证据冲突,aux=正断层产状点 不符期望 逆断层产状点,pending_review
F067,143,GZEEB=05(逆断层) 证据冲突,aux=正断层产状点 不符期望 逆断层产状点,pending_review
F048,258,GZEEB=05(逆断层) 证据冲突,aux=正断层产状点 不符期望 逆断层产状点,pending_review
,"[0, 1, 2, 4, 5, 6, 8, 9, 12, 13, 14, 15, 16, 18, 20, 21, 27, 28, 31, 32, 34, 36, 38, 39, 40, 43, 44, 47, 48, 49, 55, 62, 73, 75, 77, 79, 80, 84, 87, 89, 90, 91, 92, 94, 98, 101, 103, 105, 108, 110, 114, 115, 116, 119, 120, 121, 122, 127, 129, 133, 134, 135, 136, 137, 138, 139, 141, 145, 147, 149, 151, 153, 154, 155, 156, 157, 158, 159, 160, 161, 162, 163, 164, 165, 166, 171, 172, 173, 178, 180, 182, 183, 184, 188, 191, 193, 194, 195, 197, 198, 199, 200, 202, 203, 204, 205, 206, 207, 209, 210, 211, 215, 217, 218, 219, 221, 224, 225, 226, 227, 228, 230, 231, 232, 233, 234, 235, 238, 239, 240, 243, 244, 245, 247, 252, 257, 261, 275, 276, 280, 281, 285, 287, 289, 290, 292, 293, 294, 297, 299, 301, 302, 303, 304, 308]",GZEEB=01 码义未注册（155 段）,段级 MLE 标定分布：断层泛称×150；推覆体边界×3；逆断层×2——码级语义已由逻辑判断（mle_semantic=断层泛称）并全段继承；注册表待裁定,pending_review
,"[3, 7, 10, 11, 17, 22, 23, 25, 26, 29, 30, 37, 41, 42, 45, 53, 61, 68, 70, 78, 81, 82, 85, 86, 88, 93, 96, 97, 102, 104, 106, 107, 111, 123, 125, 126, 140, 142, 143, 168, 170, 174, 176, 179, 181, 189, 258, 263, 307]",GZEEB=05 码义未注册（49 段）,段级 MLE 标定分布：逆断层×44；断层泛称×5——码级语义已由逻辑判断（mle_semantic=逆断层）并全段继承；注册表待裁定,pending_review
,"[33, 254, 259, 270, 272, 284, 286, 291, 298, 300]",GZEEB=07 码义未注册（10 段）,段级 MLE 标定分布：断层泛称×6；推覆体边界×3；活动断层×1——码级语义已由逻辑判断（mle_semantic=推覆体边界）并全段继承；注册表待裁定,pending_review
,[131],GZEEB=16 码义未注册（1 段）,段级 MLE 标定分布：右型走滑断层×1——码级语义已由逻辑判断（mle_semantic=右型走滑断层）并全段继承；注册表待裁定,pending_review
,"[128, 175, 196]",GZEEB=18 码义未注册（3 段）,段级 MLE 标定分布：左型走滑断层×3——码级语义已由逻辑判断（mle_semantic=左型走滑断层）并全段继承；注册表待裁定,pending_review
,"[50, 52, 54, 57, 58, 59, 60, 63, 64, 65, 66, 71, 72, 74, 76, 83, 95, 109, 112, 118, 130, 237, 248, 283, 295, 305]",GZEEB=31 码义未注册（26 段）,段级 MLE 标定分布：断层泛称×20；活动断层×3；正断层×2；逆断层×1——码级语义已由逻辑判断（mle_semantic=断层泛称）并全段继承；注册表待裁定,pending_review
,"[99, 100, 113, 117, 124, 213, 214, 220, 249, 251, 255, 256, 260, 262, 264, 266, 268, 271, 273, 274, 279]",GZEEB=41 码义未注册（21 段）,段级 MLE 标定分布：断层泛称×21——码级语义已由逻辑判断（mle_semantic=断层泛称）并全段继承；注册表待裁定,pending_review
