GZEEB,segs,semantic,source,confidence,mle_distribution,final_distribution,evidence_votes,user_semantic,user_note
01,155,断层泛称,MLE无族义(泛称),无族义(兜底),断层泛称×150；推覆体边界×3；逆断层×2,断层泛称×155,aux：逆断层×68、正断层×6；data：推测断层×256、逆断层×18、正断层×16、推覆体边界×9,,
04,25,推测断层,签名,签名码型,推测断层×25,推测断层×25,aux：逆断层×20、正断层×2；data：推测断层×100,,
05,49,逆断层,MLE逻辑判断,强证(49段·92%有效),逆断层×44；断层泛称×5,逆断层×49,aux：逆断层×90、正断层×6；data：推测断层×80、逆断层×32、正断层×31、推覆体边界×1,,
07,10,推覆体边界,MLE逻辑判断,中证(10段·40%有效),断层泛称×6；推覆体边界×3；活动断层×1,推覆体边界×10,data：推测断层×16、推覆体边界×11、活动断层×3、逆断层×2；act：活动断层×2,,
16,1,右型走滑断层,MLE逻辑判断,薄证(1段·100%有效),右型走滑断层×1,右型走滑断层×1,data：右型走滑断层×3、推测断层×2,,
18,3,左型走滑断层,MLE逻辑判断,薄证(3段·100%有效),左型走滑断层×3,左型走滑断层×3,data：左型走滑断层×9、推测断层×2,,
28,20,边界断裂,注册表,裁定固化,边界断裂×20,边界断裂×20,aux：逆断层×26；data：推测断层×38、逆断层×4、正断层×3、推覆体边界×3,,
31,26,断层泛称,MLE无族义(泛称),无族义(兜底),断层泛称×20；活动断层×3；正断层×2；逆断层×1,断层泛称×26,aux：逆断层×18、正断层×12；data：推测断层×46、活动断层×9、逆断层×3、正断层×3；act：活动断层×8,,
41,21,断层泛称,MLE无族义(泛称),无族义(兜底),断层泛称×21,断层泛称×21,aux：逆断层×10；data：推测断层×42,,
