系,统,地层区,地层单元,下伏地层,与下伏接触关系,上覆地层,与上覆接触关系,备注,依据(书页)
前震旦系,下元古界下部,库鲁克塔格区,达格拉格布拉克群,未见底,—,兴地塔格群(Pt1上部),不整合(被覆盖),表I-1置于下元古界下部,9 13
前震旦系,太古界,阿尔金山区,米兰群,未见底,—,乱石山组(Qn),超覆不整合(被覆盖),,24-25
前震旦系,下元古界,库鲁克塔格区,兴地塔格群,达格拉格布拉克群(Ar),不整合,杨吉布拉克群(Ch),不整合,锆石U-Pb 1912±12Ma,13
前震旦系,下元古界,天山区,木扎尔特群,—,—,—,—,上下亚群整合接触,13
前震旦系,下元古界,天山区,那拉提群,未见底,—,上志留统/下石炭统,断层接触,,13
前震旦系,下元古界,天山区,温泉群,—,—,中泥盆统,不整合(被覆盖),,13
前震旦系,下元古界,北山,北山群,—,—,—,—,,13
前震旦系,下元古界下部,昆仑区,喀拉喀什群,未见底,—,埃连卡特群(Pt1上部),角度不整合,谢依拉-康西瓦被长城系赛拉加兹塔格群不整合覆盖,14-15
前震旦系,下元古界下部,昆仑区,布伦库勒群,未见底,—,公格尔群(Pt1上部),不整合(被覆盖),,14
前震旦系,下元古界上部,昆仑区,埃连卡特群,喀拉喀什群(Pt1下部),角度不整合,长城系,断层接触,,14-15
前震旦系,下元古界上部,昆仑区,公格尔群,布伦库勒群(Pt1下部),不整合,—,—,,14-15
前震旦系,长城系,天山区,星星峡群,—,—,—,—,天山东部,17
前震旦系,长城系,天山区,特克斯群,—,—,—,—,天山西部,17
前震旦系,长城系,库鲁克塔格区,杨吉布拉克群,兴地塔格群(Pt1),角度不整合,爱尔基干群(Jx),整合,,21
前震旦系,长城系,柯坪区,阿克苏群,未见底,—,尤尔美那克组(Z1),不整合(被覆盖),蓝闪绿片岩相变质岩3091m;震旦系角度不整合覆于其上,22 39
前震旦系,长城系,阿尔金山区,巴什库尔干群,—,—,塔什达坂群(Jx),角度不整合,内部扎斯勘赛河组/红柳泉组/贝克滩组连续沉积,22
前震旦系,长城系,昆仑区,赛拉加兹塔格群,喀拉喀什群(Pt1),不整合,博查特塔格群(Jx)/阿拉玛斯群(Jx),平行不整合,细碧-角斑岩建造;Rb-Sr 1764Ma,14 25-27
前震旦系,长城系,昆仑区(甜水海/木吉),甜水海群,—,—,冬瓜山组(O1),不整合(被覆盖),碎屑岩建造,26 76
前震旦系,蓟县系,库鲁克塔格区,爱尔基干群,杨吉布拉克群(Ch),整合,帕尔岗塔格群(Qn),本志未明确记述,,21
前震旦系,蓟县系,阿尔金山区,塔什达坂群,巴什库尔干群(Ch),角度不整合,—,—,,22
前震旦系,蓟县系,阿尔金山区,金雁山组,未见底,—,乱石山组(Qn),不整合(被覆盖),安南坝一带相当层位称安南坝群,24
前震旦系,蓟县系,昆仑区,阿拉玛斯群,赛拉加兹塔格群(Ch),平行不整合,苏库罗克群(Qn),整合(局部断层),产和田玉,26-27
前震旦系,蓟县系,西昆仑山北坡,博查特塔格群,赛拉加兹塔格群(Ch),平行不整合,苏库罗克群(Qn),整合,镁质碳酸盐岩,25 27
前震旦系,蓟县系,西昆仑山北坡,苏玛兰组,博查特塔格群(Jx),整合,苏库罗克群(Qn),整合,,27
前震旦系,青白口系,库鲁克塔格区,帕尔岗塔格群,爱尔基干群(Jx),—,贝义西组(Z1),不整合(被覆盖),博斯腾湖以南特瑞爱肯组直接超覆其上,38
前震旦系,青白口系,天山区(科古琴山),开尔塔斯群,—,—,凯拉克提群(Z),角度不整合(被覆盖),,34-35
前震旦系,青白口系,西昆仑,苏库罗克群,苏玛兰组(Jx),整合或平行不整合,恰克马克力克组(Z1),平行不整合或微角度不整合(被覆盖),,28 42
前震旦系,青白口系,阿尔金山区,乱石山组(硒尔库里群),金雁山组(Jx)/米兰群(Ar),超覆不整合,冰沟南组(Qn),整合,,24
前震旦系,青白口系,阿尔金山区,冰沟南组,乱石山组(Qn),整合,平洼沟组(Qn),整合,,25
前震旦系,青白口系,阿尔金山区,平洼沟组,冰沟南组(Qn),整合,小泉达坂组(Qn)/额兰塔格组(O1),整合/不整合(被覆盖),,25 75
前震旦系,青白口系,阿尔金山区,小泉达坂组,平洼沟组(Qn),整合,额兰塔格组(O1),不整合(被覆盖),,25
前震旦系,蓟县-青白口系,伊犁-北天山,科克苏群,—,—,琼哈拉峻山组(C1),不整合(被覆盖),,144
前震旦系,蓟县系(未分),阿尔泰山区,蓟县系(未分),—,—,下中奥陶统,被覆盖,表I-1所列;本志未详述,9
前震旦系,青白口系,天山区东段,天湖群,喀瓦布拉克群(Jx),本志未明确记述,下寒武统,被覆盖,表I-1所列,9
前震旦系,蓟县系,天山区东段,喀瓦布拉克群,—,—,天湖群(Qn),被覆盖,表I-1所列,9
前震旦系,蓟县系,天山区博罗科努山,库松木切克群,—,—,开尔塔斯群(Qn),被覆盖,表I-1所列,9
前震旦系,青白口系,天山区哈尔克山北坡,库什太群,科克苏群(Jx),本志未明确记述,震旦系?,被覆盖,表I-1所列,9
前震旦系,青白口系,北山,白玉山群,北山群(Pt1),本志未明确记述,震旦系,被覆盖,表I-1所列,9
前震旦系,下元古界上部,阿尔金山区,阿尔金群,米兰群(Ar),本志未明确记述,巴什库尔干群(Ch),被覆盖,表I-1所列,10
前震旦系,蓟县系,祁漫塔格,狼牙山群,金水口群(Ch),本志未明确记述,中上奥陶统(铁石达斯群),被覆盖,表I-1所列,10
前震旦系,长城系,祁漫塔格,金水口群,—,—,狼牙山群(Jx),被覆盖,表I-1所列,10
震旦系,震旦-寒武系未分,阿尔泰山区,喀纳斯群,未见底,—,东锡勒克组/白哈巴组(O3),角度不整合(被覆盖),,34 69
震旦系,震旦系,天山区(科古琴山),凯拉克提群,开尔塔斯群(Qn),角度不整合,磷矿沟组(∈1),微角度不整合,分上下亚群,34-35 50
震旦系,下统,库鲁克塔格区,贝义西组,帕尔岗塔格群(Qn),不整合,照壁山组(Z1),整合,,38
震旦系,下统,库鲁克塔格区,照壁山组,贝义西组(Z1),整合,阿勒通沟组(Z1),平行不整合,,37-38
震旦系,下统,库鲁克塔格区,阿勒通沟组,照壁山组(Z1),平行不整合,特瑞爱肯组(Z1),整合,,37
震旦系,下统,库鲁克塔格区,特瑞爱肯组,阿勒通沟组(Z1),整合,扎摩克提组(Z2),平行不整合或不整合,博斯腾湖以南直接超覆于帕尔岗塔格群之上,36 38
震旦系,上统,库鲁克塔格区,扎摩克提组,特瑞爱肯组(Z1),平行不整合或不整合,育肯沟组(Z2),整合,,36
震旦系,上统,库鲁克塔格区,育肯沟组,扎摩克提组(Z2),整合,水泉组(Z2),整合,,36
震旦系,上统,库鲁克塔格区,水泉组,育肯沟组(Z2),整合,汉格尔乔克组(Z2),平行不整合,,35-36
震旦系,上统,库鲁克塔格区,汉格尔乔克组,水泉组(Z2),平行不整合,西山布拉克组(∈1),平行不整合(被覆盖),,35
震旦系,下统,柯坪区,巧恩布拉克组,阿克苏群(Ch),角度不整合,尤尔美那克组(Z1),角度不整合,下冰碛层,39-40
震旦系,下统,柯坪区,尤尔美那克组,巧恩布拉克组(Z1),角度不整合,苏盖特布拉克组(Z2),平行不整合(被覆盖),上冰碛层,40-41
震旦系,上统,柯坪区,苏盖特布拉克组,尤尔美那克组(Z1),平行不整合,奇格布拉克组(Z2),整合,阿克苏西南直接超覆于阿克苏群之上,41 43
震旦系,上统,柯坪区,奇格布拉克组,苏盖特布拉克组(Z2),整合,玉尔吐斯组(∈1),平行不整合(被覆盖),,42-43 58
震旦系,下统,昆仑山区,恰克马克力克组,苏库罗克群(Qn),角度不整合,库尔卡克组(Z2),平行不整合或微角度不整合,,42
震旦系,上统,昆仑山区,库尔卡克组,恰克马克力克组(Z1),平行不整合或微角度不整合,克孜苏胡木组(Z2),平行不整合(假整合),,42-43
震旦系,上统,昆仑山区,克孜苏胡木组,库尔卡克组(Z2),平行不整合,上泥盆统,超覆不整合(被覆盖),,42-43
寒武系,下统,天山区(科古琴山),磷矿沟组,凯拉克提群(Z),平行不整合,霍城组(∈1),平行不整合(沉积间断),含磷,50
寒武系,下统,天山区(科古琴山),霍城组,磷矿沟组(∈1),沉积间断,肯萨依组(∈2),沉积间断,,51
寒武系,中统,天山区(科古琴山),肯萨依组,霍城组(∈1),沉积间断,阿合恰特组(∈2),整合,,51
寒武系,中统,天山区(科古琴山),阿合恰特组,肯萨依组(∈2),整合,将军沟组(∈3),整合,,52
寒武系,上统,天山区(科古琴山),将军沟组,阿合恰特组(∈2),整合,果子沟组(∈3),整合,,52
寒武系,上统,天山区(科古琴山),果子沟组,将军沟组(∈3),整合,新二台组(O1),整合,,53
寒武系,下统,北山,黄山群,帕尔岗塔格群(Qn),角度不整合,南灰山群(∈2-3),整合过渡,,54
寒武系,中-上统,北山,南灰山群,黄山群(∈1),整合过渡,苔古勒塔格组(O1),整合,,54
寒武系,下-上统,北山(新甘交界),双鹰山组/西双鹰山组/马鬃山组,—,—,—,—,本志未细述接触关系,54
寒武系,下统,库鲁克塔格区,西山布拉克组,汉格尔乔克组(Z2),平行不整合,西大山组(∈1),整合(连续沉积),,54-55
寒武系,下统,库鲁克塔格区,西大山组,西山布拉克组(∈1),整合,船形山组(∈2),整合,,54-55
寒武系,中统,库鲁克塔格区,船形山组,西大山组(∈1),整合,莫合尔山组(∈2),整合,,55
寒武系,中统,库鲁克塔格区,莫合尔山组,船形山组(∈2),整合,突尔沙克塔格组(∈3),整合,,55
寒武系,上统,库鲁克塔格区,突尔沙克塔格组,莫合尔山组(∈2),整合,巷古勒塔格组(O1),整合,,56
寒武系,下统,塔里木区(柯坪),玉尔吐斯组,奇格布拉克组(Z2),平行不整合,肖尔布拉克组(∈1),整合(连续沉积),,57-58
寒武系,下统,塔里木区(柯坪),肖尔布拉克组,玉尔吐斯组(∈1),整合,吾松格尔组(∈1),整合,,57
寒武系,下统,塔里木区(柯坪),吾松格尔组,肖尔布拉克组(∈1),整合,沙依里克组(∈2),整合,,57-58
寒武系,中统,塔里木区(柯坪),沙依里克组,吾松格尔组(∈1),整合,阿瓦塔格群(∈2-3),整合,,58
寒武系,中-上统,塔里木区(柯坪),阿瓦塔格群,沙依里克组(∈2),整合,丘达依塔格群(O1),整合(连续沉积),,58 72
寒武系,上统,昆仑山区,(未建组;支陵阿克塔河南灰岩),—,—,—,—,含Pagodia? kunlunensis,58
奥陶系,下统,阿尔泰-准噶尔区,拉巴组,关系不明,—,科克萨依组(O2),连续沉积,,68
奥陶系,中统,阿尔泰-准噶尔区,布鲁克其组,关系不明,—,关系不明,—,,68
奥陶系,中统,阿尔泰-准噶尔区,科克萨依组,拉巴组(O1),连续沉积,恰尔尕也组(S1),不整合(被覆盖),,68 90
奥陶系,中-上统,阿尔泰-准噶尔区,荒草坡群,青河群(O1),本志未明确记述,白山包组(S2)/红柳峡组(S2),角度或平行不整合(被覆盖),,68 87 89
奥陶系,下统,东准噶尔,青河群,未见底,—,荒草坡群(O2-3),被覆盖,表I-7所列;本志未详述,81(表I-7)
奥陶系,上统,阿尔泰-准噶尔区,布龙果尔组,—,—,布龙组(S1),整合,,69 90
奥陶系,上统,阿尔泰,东锡勒克组,喀纳斯群(Z-∈),角度不整合,白哈巴组(O3),整合(上下部),,69
奥陶系,上统,阿尔泰,白哈巴组,东锡勒克组(O3),整合,—,—,,69
奥陶系,上统,东准噶尔,加普萨尔群,未见底,—,下泥盆统,不整合(被覆盖),内部巴斯他乌组/加普萨尔组/克孜勒特斯科拉组连续沉积,69
奥陶系,下统,天山区(科古琴山北),新二台组,果子沟组(∈3),整合,塔勒基河组(O1),整合,,53 70
奥陶系,下统,天山区(科古琴山北),塔勒基河组,新二台组(O1),整合(连续沉积),风沟组(O2),整合,,70-71
奥陶系,中统,天山区(科古琴山北),风沟组,塔勒基河组(O1),整合,科克萨雷溪组(O2),整合,,71
奥陶系,中统,天山区(科古琴山北),科克萨雷溪组,风沟组(O2),整合,精河组(O3),整合,,71
奥陶系,上统,天山区(科古琴山北),精河组,科克萨雷溪组(O2),整合,未见顶,—,,71
奥陶系,中统,天山区(科古琴山南),奈楞格勒达坂群,—,—,阿克塔什组(O3),不整合(被覆盖),火山岩型,71
奥陶系,上统,天山区(科古琴山南),阿克塔什组,奈楞格勒达坂群(O2),不整合,博罗科努组(S3),不整合(被覆盖),与呼独克达坂组连续沉积,71
奥陶系,上统,天山区(科古琴山南),呼独克达坂组,阿克塔什组(O3),整合(连续沉积),博罗科努组(S3),不整合(被覆盖),,71-72
奥陶系,中-上统,天山区(库米什南),硫磺山群,关系不明,—,乌尊布拉克组(S1),断层接触,,72 93
奥陶系,下统,塔里木区(柯坪),丘达依塔格群,阿瓦塔格群(∈2-3),整合(连续沉积),萨尔干组(O2),整合,,72
奥陶系,中统,塔里木区(柯坪),萨尔干组,丘达依塔格群(O1),整合,坎岭组(O2),整合,,73-74
奥陶系,中统,塔里木区(柯坪),坎岭组,萨尔干组(O2),整合,其浪组(O2),整合,,74
奥陶系,中统,塔里木区(柯坪),其浪组,坎岭组(O2),整合,柯坪塔格组(S1),平行不整合(被覆盖),,73
奥陶系,中-上统,塔里木区(柯坪),音干组,其浪组(O2),整合,柯坪塔格组(S1),平行不整合(被覆盖),仅见于音干以西局部,75
奥陶系,下统,库鲁克塔格区,巷古勒塔格组,突尔沙克塔格组(∈3),整合,却尔却克组(O2),整合,,56 73
奥陶系,中统,库鲁克塔格区,却尔却克组,巷古勒塔格组(O1),整合,乌里格孜塔格组(O3),整合,,75
奥陶系,上统,库鲁克塔格区,乌里格孜塔格组,却尔却克组(O2),整合,土什布拉克组(S1),平行不整合(被覆盖),,75
奥陶系,下统,昆仑-阿尔金山区,额兰塔格组,平洼沟组(Qn),不整合,环形山组(O2),整合,,76
奥陶系,下统,昆仑-阿尔金山区,冬瓜山组,甜水海群(Ch),不整合,那克十七江干群(O2),整合,,77
奥陶系,中统,昆仑-阿尔金山区,环形山组,额兰塔格组(O1),整合,下二叠统,不整合(被覆盖),,77
奥陶系,中统,昆仑-阿尔金山区,那克十七江干群,冬瓜山组(O1),整合,达坂沟群(S2-3)/落石沟组(D2),角度不整合(被覆盖),,78 97
奥陶系,中-上统,昆仑-阿尔金山区,拉配泉群,未见底,—,未见顶,—,内部三组整合接触,78
奥陶系,中-上统,祁漫塔格,铁石达斯群,未见底,—,上泥盆统,角度不整合(被覆盖),,78
奥陶系,奥陶系,昆仑山前,玛列兹肯群,—,—,—,—,时代有争议,77
志留系,中统,阿尔泰-东准噶尔区,白山包组,荒草坡群(O2-3),角度不整合,红柳沟组(S),整合,,89
志留系,志留系,阿尔泰-东准噶尔区,红柳沟组,白山包组(S2),整合,—,—,,89
志留系,中统,阿尔泰-东准噶尔区,红柳峡组,荒草坡群(O2-3),角度或平行不整合,雅满苏组(C1),断层接触,分上下亚组,87-88
志留系,上统,阿尔泰-东准噶尔区,科克赛尔克山组,—,—,塔克尔巴斯陶组(D1)/下泥盆统,整合(巴里坤地区),,87 114
志留系,下统,西准噶尔-北天山区,布龙组,布龙果尔组(O3),整合,喀尔交组(P1),角度不整合(被覆盖),,90
志留系,下统,西准噶尔-北天山区,恰尔尕也组,科克萨依组(O2),平行不整合,玛依勒山群(S1-2),未见直接接触,,90 92
志留系,下统,西准噶尔-北天山区,尼勒克河组,—,—,—,—,博罗科努山南部,90
志留系,下统,西准噶尔-北天山区,米什沟组,阿合布拉克群(变质中基性火山岩),不整合,—,—,底部紫红色砾岩含砾粗砂岩,90
志留系,中统,西准噶尔-北天山区,沙尔布尔提组,—,—,克克雄库都克组(S3),整合,,90-91
志留系,中统,西准噶尔-北天山区,基夫克组,—,—,—,—,博罗科努山,91
志留系,中-上统,西准噶尔-北天山区,玛依勒山群,恰尔尕也组(S1),未见直接接触,库鲁木迪组(D2),不整合(被覆盖),,92
志留系,上统,西准噶尔-北天山区,克克雄库都克组,沙尔布尔提组(S2),整合,乌图布拉克组(D1),整合,,92 114
志留系,上统,西准噶尔-北天山区,库茹尔组/博罗科努组,—,—,—,—,博罗科努组不整合覆盖阿克塔什组(O3),92-93 71
志留系,下统,天山南脉区,伊南里克组,奥陶系,整合(下尼果尔地区),伊契克巴什组(S2-3),整合(局部断层),,93
志留系,下统,天山南脉区,乌尊布拉克组,硫磺山群(O2-3),断层接触,中志留统,整合,,93
志留系,中-上统,天山南脉区,伊契克巴什组,伊南里克组(S1),整合(局部断层),科克铁克达坂组(S3),—,,93-94
志留系,中-上统,天山南脉区,牛心滩组,—,—,—,—,,94
志留系,上统,天山南脉区,科克铁克达坂组,伊契克巴什组(S2-3),—,阿尔腾柯斯组(S3-D1),不整合(被覆盖),,94-95
志留系,上统-下泥盆统,天山南脉区,阿尔腾柯斯组,科克铁克达坂组(S3),不整合,托格买提组(D2),不整合(被覆盖),上下亚组间假整合,95 119
志留系,上统-下泥盆统,天山南脉区,阿尔皮什麦布拉克组,—,—,—,—,帕尔岗铁矿产于其底部,86
志留系,下统,塔里木北缘区,柯坪塔格组,音干组(O2-3),平行不整合,下-中泥盆统,平行不整合(被覆盖),缺失早志留世晚期至中晚志留世沉积,96
志留系,下统,塔里木北缘区(库鲁克塔格东段),土什布拉克组,乌里格孜塔格组(O3),平行不整合,—,—,,75 96
志留系,中-上统,塔里木北缘区(北山穹塔格),公婆泉群,—,—,—,—,,96
志留系,下统,昆仑-阿尔金山区,温泉沟组,—,—,达坂沟群(S2-3),整合,,97
志留系,中-上统,昆仑-阿尔金山区,达坂沟群,那克十七江干群(O2),角度不整合,落石沟组(D2),角度不整合(被覆盖),,97
泥盆系,下统,阿尔泰区,康布铁堡组,未见底,—,阿勒泰组(D2),假整合或不整合,上下亚组整合,113
泥盆系,中统,阿尔泰区,阿勒泰组,康布铁堡组(D1),假整合或不整合(东部呈不整合),忙代恰群(D2-3),整合(库马苏组C1之下),上下亚组间断层接触,113-114
泥盆系,中-上统,阿尔泰区,忙代恰群,阿勒泰组(D2),整合,库马苏组(C1),整合(伏于其下),未见化石,114
泥盆系,下统,准噶尔-北天山区,乌图布拉克组,克克雄库都克组(S3),整合,曼格尔组(D1),整合,,115
泥盆系,下统,准噶尔-北天山区,曼格尔组,乌图布拉克组(D1),整合,芒克鲁组(D1),整合,,115
泥盆系,下统,准噶尔-北天山区,芒克鲁组,曼格尔组(D1),整合,乌尔苏组(D2),整合,,115
泥盆系,下统,准噶尔-北天山区(三塘湖),塔克尔巴斯陶组,科克赛尔克山组(S3),整合,准巴斯陶组(D1),不整合(被覆盖),,114-115
泥盆系,下统,准噶尔-北天山区(东准噶尔北部),托让格库都克组,阿苏山组(D1),整合(局部不整合),—,—,,116
泥盆系,下统,准噶尔-北天山区(东准噶尔),准巴斯陶组,塔克尔巴斯陶组(D1),不整合,乌尔苏组(D2),整合,,116
泥盆系,下统,准噶尔-北天山区(东准噶尔北部),北塔山组,—,—,温都尔喀拉组(D2),整合,,117
泥盆系,中统,准噶尔-北天山区(沙尔布尔提山),呼吉尔斯特组,下泥盆统,平行不整合,上泥盆统,整合,陆相火山碎屑岩,116
泥盆系,中统,准噶尔-北天山区(大石头-巴里坤),头苏泉组,大南湖组(D1),整合过渡,—,—,海陆交互相,116
泥盆系,中统,准噶尔-北天山区(东准噶尔南部),乌尔苏组,准巴斯陶组(D1),整合,纸房组(D2),平行不整合,,116-117
泥盆系,中统,准噶尔-北天山区(东准噶尔南部),纸房组,乌尔苏组(D2),平行不整合,克安库都克组(D3),整合,,117
泥盆系,中统,准噶尔-北天山区(东准噶尔北部),温都尔喀拉组,北塔山组(D1),整合,—,—,,117
泥盆系,中统,准噶尔-北天山区(西准噶尔),库鲁木迪组,玛依勒山群(S1-2),不整合,—,—,,92 117
泥盆系,中统,准噶尔-北天山区(西准噶尔西部),巴尔鲁克组,—,—,—,—,与纸房组层位相当,117
泥盆系,上统,准噶尔-北天山区(东准噶尔),克安库都克组,纸房组(D2),整合,黑山头组(C1),平行不整合(被覆盖),,117 138
泥盆系,上统,准噶尔-北天山区(西准噶尔),朱鲁木特组,—,—,和布克河组(C1),不整合(被覆盖),,136
泥盆系,中统,天山南脉区,托格买提组,上志留统(阿尔腾柯斯组),不整合,坦盖塔尔组(D3),整合,,119-120
泥盆系,中统,天山南脉区,阿拉塔格组,—,—,—,—,阔克沙勒岭;产锰,113 123(表I-9)
泥盆系,中统,天山南脉区,额尔宾山组,—,—,—,—,,123(表I-9)
泥盆系,上统,天山南脉区,哈孜尔布拉克组,—,—,—,—,与奇自拉夫组上部大致可对比,128
泥盆系,上统,天山南脉区,坦盖塔尔组,托格买提组(D2),整合,下石炭统(野云沟组),平行不整合(被覆盖),,120
泥盆系,中统,塔里木-昆仑区,布拉克巴什群,达坂沟群(S2-3),角度不整合,提孜那甫组(D3),整合,,97 121
泥盆系,中统,塔里木-昆仑区(英吉莎),克孜勒陶组,—,—,—,—,灰色碎屑岩夹灰岩878m;本志未述接触,133
泥盆系,中统,喀喇昆仑山,落石沟组,达坂沟群(S2-3)/那克十七江干群(O2),角度不整合,—,—,正常碎屑岩碳酸盐岩1002m,97 133
泥盆系,上统,塔里木-昆仑区,提孜那甫组,布拉克巴什群(D2),整合,库山河组(C1),整合,柯坪-阿合奇相当层位称克孜尔塔格组;库鲁克塔格称阿尔特梅什布拉克组,121-122
泥盆系,上统,塔里木-昆仑区(铁克力克),奇自拉夫组,布拉克巴什群(D2)/克孜勒陶组(D2),整合,库山河组(C1),整合(科克牙局部平行不整合),本志对比章节用名;与提孜那甫组相当,128-129 148-149
泥盆系,上统,柯坪-阿合奇,克孜尔塔格组,中泥盆统,整合,下石炭统,整合,提孜那甫组相当地层,121-122
石炭系,下统,阿尔泰-北准噶尔区,和布克河组,朱鲁木特组(D3),不整合,黑山头组(C1),整合,杜内阶下部,136
石炭系,下统,阿尔泰-北准噶尔区,黑山头组,克安库都克组(D3)/和布克河组(C1),平行不整合/整合,姜巴斯套组(C1),—,库马苏组为其相当地层(阿尔泰正格河),137-138
石炭系,下统,阿尔泰-北准噶尔区,姜巴斯套组,黑山头组(C1),—,那仁喀拉组(C1),不整合(被覆盖),,138
石炭系,下统,阿尔泰-北准噶尔区,那仁喀拉组,姜巴斯套组(C1),不整合,吉木乃组(C1),整合或超覆不整合(被覆盖),,139
石炭系,下统,阿尔泰-北准噶尔区,吉木乃组,那仁喀拉组(C1),整合或超覆不整合,恰其海组(C2),整合,含安加拉植物群陆相火山-沉积,139-140
石炭系,中统,阿尔泰-北准噶尔区,恰其海组,吉木乃组(C1),整合,太勒古拉组(C2-3),整合,,140
石炭系,中-上统,阿尔泰-北准噶尔区,太勒古拉组,恰其海组(C2),整合,未见顶,—,复理石建造,140
石炭系,上统,阿尔泰山南缘,喀喇额尔齐斯群,未见,—,未见,—,四个亚群,140
石炭系,下统,南准噶尔区,塔木岗组,泥盆系,整合,滴水泉组(C1),不整合(被覆盖),陆相碎屑岩,141
石炭系,下统,南准噶尔区,滴水泉组,塔木岗组(C1),微角度不整合,巴塔玛依内山组(C1),不整合(被覆盖),,141-142
石炭系,下统,南准噶尔区,巴塔玛依内山组,滴水泉组(C1),不整合,弧形梁组(C2),平行不整合(被覆盖),陆相火山岩碎屑岩;阿尔泰-北准噶尔区同期相当地层,138 142
石炭系,中统,南准噶尔区,弧形梁组,巴塔玛依内山组(C1),平行不整合,石钱滩组(C2),不整合(被覆盖),,142
石炭系,中统,南准噶尔区,石钱滩组,弧形梁组(C2),不整合(或平行不整合),六棵树组(C2),整合(被覆盖),海相碎屑岩夹灰岩,142-143
石炭系,中统,南准噶尔区,六棵树组,石钱滩组(C2),整合,柳树沟组/祁家沟组(C2),整合或不整合(被覆盖),乌鲁木齐以东至巴里坤相当层位称柳树沟组,142-143
石炭系,中统,南准噶尔区(乌鲁木齐-巴里坤),柳树沟组,六棵树组(C2),整合或不整合,祁家沟组(C2),整合或不整合(被覆盖),,143
石炭系,中统,南准噶尔区,祁家沟组,柳树沟组(C2),整合或不整合,乌尔图组(C3),整合,浅海相碎屑岩碳酸盐岩,142-143
石炭系,上统,南准噶尔区,乌尔图组,祁家沟组(C2),整合,人子沟组(P1),整合(被覆盖),,143
石炭系,上统,南准噶尔区(吉木萨尔以南),博格达群上亚群,博格达群下亚群(C2),平行不整合,—,—,,143
石炭系,下统,伊犁盆地-北天山区,琼哈拉峻山组,中元古界/上志留统(科克苏群),不整合,阿克沙克组(C1),平行不整合或不整合,海陆交互相-陆相中酸性火山岩,144
石炭系,下统,伊犁盆地-北天山区,阿克沙克组,琼哈拉峻山组(C1),平行不整合(局部角度不整合),也列莫顿组(C1-2),整合,上下亚组整合;未见底,144-146
石炭系,下-中统,伊犁盆地-北天山区,也列莫顿组,阿克沙克组(C1),整合,东图津河组(C2),整合,,146
石炭系,中统,伊犁盆地-北天山区,东图津河组,也列莫顿组(C1-2)/志留系或下石炭统,整合/不整合,白鱼山组(C2),整合(阿吾拉勒山),,147
石炭系,中统,伊犁盆地-北天山区(阿吾拉勒山),白鱼山组,雅满苏组(C1),整合,—,—,,147
石炭系,中统,北天山(依连哈比尔尕),巴音沟组/沙大王组/前峡组,—,—,—,—,深水相;巴音沟组与沙大王组间假整合(有争议),147
石炭系,下统,塔里木区(铁克力克),库山河组,奇自拉夫组(D3),整合(科克牙局部平行不整合),克里塔克组(C1),整合,剖面位于阿克陶县库山河,148-149
石炭系,下统,塔里木区,克里塔克组,库山河组(C1),整合,和什拉甫组(C1),整合,局部被下侏罗统康苏组不整合覆盖,149
石炭系,下统,塔里木区(英吉沙-叶城以南),和什拉甫组,克里塔克组(C1),整合,卡拉乌依组(C2),整合,南天山相当地层统称野云沟组,149
石炭系,下统,天山南脉区,干沙河组,元古代片麻状花岗岩,超复不整合,野云沟组(C1),整合,,149
石炭系,下统,天山南脉区,野云沟组,干沙河组(C1)/坦盖塔尔组(D3),整合/平行不整合,卡拉苏组(C2),整合,和什拉甫组在南天山地区的统称,120 149
石炭系,中统,天山南脉区,卡拉苏组,野云沟组(C1),整合,—,—,碎屑岩夹灰岩,150
石炭系,中统,塔里木区(塔西南),卡拉乌依组,和什拉甫组(C1),整合,阿孜干组(C2),整合,,150
石炭系,中统,塔里木区(塔西南),阿孜干组,卡拉乌依组(C2),整合,塔哈其组(C3),整合,柯坪地区相当层位为比京他乌群,150
石炭系,中统,塔里木区(柯坪),比京他乌群,—,整合或不整合,康克林组(C3),超覆不整合(被覆盖),阿孜干组相当地层,150-152
石炭系,上统,塔里木区(塔西南),塔哈其组,阿孜干组(C2),整合,克孜里奇曼组(C3)/棋盘组(P),整合过渡/整合(被覆盖),天山南脉-柯坪相当层位为卡拉达坂组+康克林组;阿尔金山称因格布拉克组;北山称胜利泉组,151
石炭系,上统,塔里木区(塔西南),克孜里奇曼组,塔哈其组(C3),整合,棋盘组(P),整合(被覆盖),,151-152
石炭系,上统,天山南脉-柯坪,卡拉达坂组,—,—,康克林组(C3),—,塔哈其组下部相当地层,151
石炭系,上统,天山南脉-柯坪,康克林组,比京他乌群(C2),超覆不整合,小提坎里克组(P1)/巴勒迪尔塔格组(P1)/贝勒克勒克组(P1),平行不整合或不整合/微角度不整合/整合(被覆盖),塔哈其组上部相当地层,151 176-178
石炭系,上统,阿尔金山,因格布拉克组,—,—,—,—,塔哈其组相当地层,151
石炭系,上统,北山,胜利泉组,—,—,—,—,塔哈其组相当地层,151
石炭系,下统,昆仑-喀喇昆仑区(昆仑山),托库孜达坂群,—,—,喀拉米兰河群(C2-3),整合,与帕斯群层位大致相当,152-153
石炭系,下统,昆仑-喀喇昆仑区(喀喇昆仑),帕斯群,提孜那甫组(D3),平行不整合,恰提尔群(C2-3),整合,,153
石炭系,下-中统,昆仑-喀喇昆仑区(西昆仑西段),(暂未命名),—,—,上石炭统上部,平行不整合或微角度不整合(被覆盖),基性火山岩为主3276m,153
石炭系,中-上统,昆仑-喀喇昆仑区(西昆仑东段),喀拉米兰河群,托库孜达坂群(C1),整合,叶桑岗组(P1),整合(局部平行不整合被覆盖),,154 181
石炭系,中-上统,昆仑-喀喇昆仑区(库尔良-苏纳克),库尔良群,长城系变质岩,不整合,—,—,三个亚群6547m,154
石炭系,中-上统,昆仑-喀喇昆仑区(喀喇昆仑),恰提尔群,帕斯群(C1),整合,空喀山口组(P1),平行不整合(被覆盖),,155
二叠系,下统,准噶尔-伊犁区,喀尔交组,吉木乃组(C1)/布龙组(S1)/和布克河组(C1),平行不整合/角度不整合,喀拉托洛盖组(P1),整合,中性火山岩为主,90 171
二叠系,下统,准噶尔-伊犁区,喀拉托洛盖组,喀尔交组(P1),整合,中-上侏罗统,不整合(被覆盖),,171
二叠系,下统,准噶尔-伊犁区(伊犁),乌郎组,东图津河组(C2),断层接触(赛里木湖北侧为不整合),晓山萨依组(P2),角度不整合(被覆盖),三亚组:下中亚组平行不整合/上中亚组整合,171
二叠系,上统,准噶尔-伊犁区(伊犁),晓山萨依组,乌郎组(P1),角度不整合,哈米斯特组(P2),平行不整合,底砾岩210m,172
二叠系,上统,准噶尔-伊犁区(伊犁),哈米斯特组,晓山萨依组(P2),平行不整合,铁木里克组(P2),整合,,172
二叠系,上统,准噶尔-伊犁区(伊犁),铁木里克组,哈米斯特组(P2),整合,—,—,,172
二叠系,上统,准噶尔-伊犁区(东准噶尔将军庙),将军庙组,巴塔玛依内山组(C1),角度不整合,平地泉组(P2),整合,,176
二叠系,上统,准噶尔-伊犁区(东准噶尔将军庙),平地泉组,将军庙组(P2),整合,下仓房沟群(P2),平行不整合(被覆盖),,176
二叠系,下统,准噶尔盆地-哈密-北山区(准噶尔盆地型),石人子沟组,乌尔图组(C3),整合,塔什库拉组(P1),整合,下芨芨槽子群下部,173
二叠系,下统,准噶尔盆地-哈密-北山区(准噶尔盆地型),塔什库拉组,石人子沟组(P1),整合,乌拉泊组(P2),整合过渡,下芨芨槽子群上部,173
二叠系,下统,准噶尔盆地-哈密-北山区(北山-哈密型),红柳河组,—,—,骆驼沟组(P1),—,磁海-白山一带,173-174
二叠系,下统,准噶尔盆地-哈密-北山区(北山-哈密型),骆驼沟组,红柳河组(C1?原文),角度不整合(第一亚组),大热泉子组,—,原文第一亚组角度不整合在下石炭统红柳河组第一亚组之上,174
二叠系,下统,准噶尔盆地-哈密-北山区(阿其克布拉克),大热泉子组,—,—,—,—,,174
二叠系,上统,准噶尔盆地-哈密-北山区(准噶尔盆地型),乌拉泊组,塔什库拉组(P1),整合过渡,井井子沟组(P2),整合,上芨芨槽子群,173 176
二叠系,上统,准噶尔盆地-哈密-北山区(准噶尔盆地型),井井子沟组,乌拉泊组(P2),整合,芦草沟组(P2),整合,上芨芨槽子群,176
二叠系,上统,准噶尔盆地-哈密-北山区(准噶尔盆地型),芦草沟组,井井子沟组(P2),整合,红雁池组(P2)/泉子街组(P2),整合/平行不整合(被覆盖),上芨芨槽子群;重要油源层,176
二叠系,上统,准噶尔盆地-哈密-北山区(准噶尔盆地型),红雁池组,芦草沟组(P2),整合,泉子街组(P2),整合(被覆盖),上芨芨槽子群,176
二叠系,上统,准噶尔盆地-哈密-北山区(准噶尔盆地型),泉子街组,芦草沟组/红雁池组(P2),平行不整合,梧桐沟组(P2),整合,下仓房沟群,175-176
二叠系,上统,准噶尔盆地-哈密-北山区(准噶尔盆地型),梧桐沟组,泉子街组(P2),整合,韭菜园组(T1),整合(被覆盖),下仓房沟群;锅底坑组为1986年新分出相当其顶部,175-176
二叠系,上统,准噶尔盆地-哈密-北山区(吐鲁番地区),大河沿组(桃东沟群),—,—,塔尔郎组(P2),整合,陆相;与准噶尔盆地上芨芨槽子群-下仓房沟群相当,185-186(表I-11)
二叠系,上统,准噶尔盆地-哈密-北山区(吐鲁番地区),塔尔郎组(桃东沟群),大河沿组(P2),整合,下三叠统,被覆盖,与准噶尔盆地下仓房沟群对比,186(表I-11)
二叠系,上统,准噶尔盆地-哈密-北山区(哈密-北山),红柳峡群,骆驼沟组(P1),本志未明确记述,下三叠统,被覆盖,表I-11所列,185-186(表I-11)
二叠系,下统,天山南脉-柯坪-叶城区(天山南脉),小提坎里克组,康克林组(C3),平行不整合或不整合,库尔干组(P1),平行不整合,陆相火山岩,177
二叠系,下统,天山南脉-柯坪-叶城区(天山南脉),库尔干组,小提坎里克组(P1),平行不整合,比尤勒包谷孜群(P2),平行不整合(被覆盖),,177
二叠系,下统,天山南脉-柯坪-叶城区(阔克沙勒岭东部),巴勒迪尔塔格组,康克林组(C3),微角度不整合,—,—,,178
二叠系,下统,天山南脉-柯坪-叶城区(柯坪),贝勒克勒克组,康克林组(C3),整合,巴依喀拉提坎组(P1),整合,,178
二叠系,下统,天山南脉-柯坪-叶城区(柯坪),巴依喀拉提坎组,贝勒克勒克组(P1),整合,开派兹雷克组(P1),整合(被覆盖),,178 186(表I-11)
二叠系,下统,天山南脉-柯坪-叶城区(柯坪),库普库兹满组,贝勒克勒克组(P1),整合,巴依喀拉提坎组/开派兹雷克组(P1),整合,陆相;与新疆小提坎里克组和库尔干组可对比,187 186(表I-11)
二叠系,下统,天山南脉-柯坪-叶城区(柯坪),开派兹雷克组,库普库兹满组/巴依喀拉提坎组(P1),整合,三叠系/下第三系,被覆盖,陆相;与库尔干组等相当,187 186(表I-11)
二叠系,下统,天山南脉-柯坪-叶城区(叶城),棋盘组,塔哈奇组(C3),整合,达里约尔组(P2),整合,海相;本志置下二叠统,178
二叠系,上统,天山南脉-柯坪-叶城区(天山南脉),比尤勒包谷孜群,库尔干组(P1),平行不整合,俄霍布拉克群(T1),平行不整合(被覆盖),陆相,177 198
二叠系,上统,天山南脉-柯坪-叶城区(叶城),达里约尔组,棋盘组(P1),整合,侏罗系,平行不整合(被覆盖),,180
二叠系,下统,和田-巴楚区,普斯格组,—,—,杜瓦组(P2),整合,,179
二叠系,上统,和田-巴楚区,杜瓦组,普斯格组(P1),整合,下-中侏罗统,平行不整合(被覆盖),,180
二叠系,上统,和田-巴楚区(巴楚),阿恰群,石炭系(C3),本志未明确记述,第四系(Q),被覆盖,表I-11所列,186(表I-11)
二叠系,下统,昆仑山-喀喇昆仑区(阿尔喀山),碧云山组,未见底,—,喀尔瓦组(P1),断层接触,,181
二叠系,下统,昆仑山-喀喇昆仑区(阿尔喀山),喀尔瓦组,碧云山组(P1),断层接触,未见顶,—,,181
二叠系,下统,昆仑山-喀喇昆仑区(喀拉米兰河中游),叶桑岗组,喀拉米兰河群(C2-3),整合(局部平行不整合),上二叠统(古大恰一带),—,特提斯海城范围,181
二叠系,下统,昆仑山-喀喇昆仑区(柳什塔格),下二叠统(未分),前寒武系,不整合,未见顶,—,,182
二叠系,下统,昆仑山-喀喇昆仑区(喀喇昆仑),空喀山口组,恰提尔群(C2-3)/加温达坂组(P1),平行不整合/整合,上河尾滩群(T3)/下河尾滩群(T2),平行不整合(被覆盖),,155 182-183
二叠系,下统下部,空喀山口区,加温达坂组,未见底,—,空喀山口组(P1),整合,冷水型单通道筵类,183
二叠系,下统中上部,空喀山口区,空喀山口组,加温达坂组(P1),整合,上河尾滩群(T3),平行不整合(被覆盖),,183
三叠系,下统,天山南脉-塔里木区,俄霍布拉克群,比尤勒包谷孜群(P2),平行不整合,克拉玛依组(T2),整合,,198
三叠系,中统,天山南脉-塔里木区,克拉玛依组,俄霍布拉克群(T1),整合,黄山街组(T3),整合,,198
三叠系,上统,天山南脉-塔里木区,黄山街组,克拉玛依组(T2),整合,塔里奇克组(T3),整合,,198
三叠系,上统,天山南脉-塔里木区,塔里奇克组,黄山街组(T3),整合,阿合组(J1),整合或不整合(被覆盖),含煤;与北天山郝家沟组层位相当,198-199 203
三叠系,下统,北天山-准噶尔区,韭菜园组(上仓房沟群),梧桐沟组(P2)/下仓房沟群,整合(多为连续沉积局部平行不整合),烧房沟组(T1),整合,,175 202
三叠系,下统,北天山-准噶尔区,烧房沟组(上仓房沟群),韭菜园组(T1),整合,克拉玛依组(T2),整合或平行不整合,,202-203
三叠系,中统,北天山-准噶尔区,克拉玛依组,上仓房沟群(T1),整合或平行不整合,黄山街组(T3),整合,,203
三叠系,上统,北天山-准噶尔区,黄山街组,克拉玛依组(T2),整合,郝家沟组(T3),整合,小泉沟群,197 203
三叠系,上统,北天山-准噶尔区,郝家沟组,黄山街组(T3),整合,八道湾组(J1),不整合(局部平行不整合或整合被覆盖),小泉沟群;与塔里奇克组层位相当,203 209
三叠系,上统,祁漫塔格区,(中酸性火山岩;未建组),下二叠统,不整合,—,—,,202
三叠系,中统,喀喇昆仑区,河尾滩群(下河尾滩群),空喀山口组(P1),平行不整合,克勒青河群(T3),整合,海相碳酸盐岩,183 202(表I-12) 203
三叠系,上统,喀喇昆仑区,克勒青河群(上河尾滩群),河尾滩群(T2),整合,巴工布兰莎群(J1-2),不整合(被覆盖),海相,203 208
三叠系,上统,喀喇昆仑区(木孜塔格西北),卧龙岗组,—,—,—,—,陆相含煤;相当黄山街组和塔里奇克组,203
侏罗系,下-中统,喀喇昆仑区,巴工布兰莎群,克勒青河群(T3)/中奥陶统/中泥盆统,不整合,红其拉甫组(J3),整合,海相,207-208
侏罗系,上统,喀喇昆仑区,红其拉甫组,巴工布兰莎群(J1-2),整合,铁隆滩群(K2),不整合(被覆盖),,207-208
侏罗系,下-中统,昆仑区,叶尔羌河群,上三叠统,本志未明确记述,喀什群(E),不整合(被覆盖),表I-13所列,217(表I-13)
侏罗系,下统,准噶尔区,八道湾组,小泉沟群(T2-3),不整合(局部平行不整合或整合),三工河组(J1),整合,含煤,209
侏罗系,下统,准噶尔区,三工河组,八道湾组(J1),整合,西山窑组(J2),整合,,209-210
侏罗系,中统,准噶尔区,西山窑组,三工河组(J1),整合,头屯河组(J2),整合,主要含煤地层,210-211
侏罗系,中统,准噶尔区,头屯河组,西山窑组(J2),整合,齐古组(J3),整合,,211
侏罗系,上统,准噶尔区,齐古组,头屯河组(J2),整合,喀拉扎组(J3),整合,恐龙化石及硅化木,211-212
侏罗系,上统,准噶尔区,喀拉扎组,齐古组(J3),整合,清水河组(K1),不整合(被覆盖),,212
侏罗系,下统,天山区(吐哈盆地),八道湾组,郝家沟组(T3),整合或平行不整合,三工河组(J1),整合,,212
侏罗系,下统,天山区(吐哈盆地),三工河组,八道湾组(J1),整合,西山窑组(J2),整合,,212-213
侏罗系,中统,天山区(吐哈盆地),西山窑组,三工河组(J1),整合,三间房组(J2),整合,,213
侏罗系,中统,天山区(吐哈盆地),三间房组,西山窑组(J2),整合,七克台组(J2),整合,,213
侏罗系,中统,天山区(吐哈盆地),七克台组,三间房组(J2),整合,齐古组(J3),整合,,213
侏罗系,上统,天山区(吐哈盆地),齐古组,七克台组(J2),整合,喀拉扎组(J3),整合,,213
侏罗系,上统,天山区(吐哈盆地),喀拉扎组,齐古组(J3),整合,三十里大墩组(K1),不整合(被覆盖),,213
侏罗系,下统,塔里木区(乌恰等),莎里塔什组,塔里奇克组(T3),整合过渡(黑英山),康苏组(J1),整合,底砾岩326-2480m;阳霞等地相当层位称阿合组,213-214
侏罗系,下统,塔里木区(库车-拜城),阿合组,塔里奇克组(T3),整合或不整合,阳霞组(J1),整合,,198 213
侏罗系,下统,塔里木区(库车-拜城),阳霞组,阿合组(J1),整合,克孜勒努尔组(J2),整合,与莎里塔什组相当,213
侏罗系,下统,塔里木区,康苏组,莎里塔什组(J1),整合,杨叶组(J2),整合,含煤,214
侏罗系,中统,塔里木区,杨叶组,康苏组(J1),整合,塔尔尕组(J2),整合,库车地区相当层位为克孜勒努尔组,214
侏罗系,中统,塔里木区(库车),克孜勒努尔组,阳霞组(J1),整合,恰克马克组(J2),整合,与杨叶组相当,214
侏罗系,中统,塔里木区(库车),恰克马克组,克孜勒努尔组(J2),整合,齐古组(J3),整合,与塔尔尕组相当,213
侏罗系,中统,塔里木区,塔尔尕组,杨叶组(J2),整合,库孜贡苏组(J3),整合,,214
侏罗系,上统,塔里木区(拜城),齐古组,恰克马克组/塔尔尕组(J2),整合,喀拉扎组(J3),整合,,213
侏罗系,上统,塔里木区(拜城),喀拉扎组,齐古组(J3),整合,亚格列木组(K1),平行不整合(被覆盖),,214 228
侏罗系,上统,塔里木区(乌恰-阿合提山),库孜贡苏组,塔尔尕组(J2),整合,克孜勒苏群(K1),不整合或平行不整合(局部整合被覆盖),红色砾岩423m,213-214 229
白垩系,下统,北天山-准噶尔区,清水河组(吐谷鲁群),喀拉扎组(J3),平行不整合或不整合,呼图壁河组(K1),整合,,228
白垩系,下统,北天山-准噶尔区,呼图壁河组(吐谷鲁群),清水河组(K1),整合,胜金口组(K1),整合,,228
白垩系,下统,北天山-准噶尔区,胜金口组(吐谷鲁群),呼图壁河组(K1),整合,连木沁组(K1),整合,绿色含鱼层,228
白垩系,下统,北天山-准噶尔区,连木沁组(吐谷鲁群),胜金口组(K1),整合,东沟组(K2)/库穆塔克组(K2),整合或平行不整合(被覆盖),,228-229
白垩系,上统,北天山-准噶尔区(准噶尔南缘),东沟组,连木沁组(K1),整合,滋泥泉子组(E),整合或平行不整合(被覆盖),含恐龙蛋;克拉玛依一带称艾里克湖组,229
白垩系,上统,北天山-准噶尔区(吐鲁番),库穆塔克组,连木沁组(K1),整合或平行不整合,苏巴什组(K2),平行不整合或角度不整合(被覆盖),,229
白垩系,上统,北天山-准噶尔区(吐鲁番),苏巴什组,库穆塔克组(K2),平行不整合或角度不整合,台子组(E1),连续沉积(被覆盖),,229
白垩系,下统,天山南脉-塔里木区,亚格列木组(卡普什浪群),喀拉扎组(J3),平行不整合,舒善河组(K1),整合,,229
白垩系,下统,天山南脉-塔里木区,舒善河组(卡普什浪群),亚格列木组(K1),整合,巴西改组(K1),整合,,229
白垩系,下统,天山南脉-塔里木区,巴西改组(卡普什浪群),舒善河组(K1),整合,恰克马克其组(K2),整合,,229
白垩系,上统,天山南脉-塔里木区,恰克马克其组,巴西改组(K1),整合,库姆格列木群(E),不整合或平行不整合(被覆盖),红色砂泥岩砾岩,229
白垩系,下统,塔里木盆地西缘区,克孜勒苏群,库孜贡苏组(J3),平行不整合,库克拜组(K2),整合,陆相;底部30m底砾岩,229-230
白垩系,上统,塔里木盆地西缘区,库克拜组(英吉沙群),克孜勒苏群(K1),整合,乌依塔克组(K2),整合,海相,230
白垩系,上统,塔里木盆地西缘区,乌依塔克组(英吉沙群),库克拜组(K2),整合,依格孜牙组(K2),整合,,230
白垩系,上统,塔里木盆地西缘区,依格孜牙组(英吉沙群),乌依塔克组(K2),整合,吐依洛克组(K2),整合,,230
白垩系,上统,塔里木盆地西缘区,吐依洛克组(英吉沙群),依格孜牙组(K2),整合,阿尔塔什组(E1),不整合或平行不整合(被覆盖),,230
白垩系,上统,喀喇昆仑区,铁隆滩群,中石炭统/红其拉甫组(J3),不整合,未见顶,—,海相;本志暂划上白垩统,207 231-232 237
第三系,古新-始新统,准噶尔区,紫泥泉子组,东沟组(K2),整合或平行不整合,安集海组(E2-3),整合,,239
第三系,古新统,准噶尔区北缘(乌伦古河地区),红砾山组,—,—,乌伦古河组(E2),整合(被覆盖),表I-15所列,245(表I-15)
第三系,始新统,准噶尔区北缘(乌伦古河地区),乌伦古河组,红砾山组(E1),整合,索索泉组(E3),整合(被覆盖),表I-15所列,245(表I-15)
第三系,渐新统,准噶尔区北缘(乌伦古河地区),索索泉组,乌伦古河组(E2),整合,哈拉玛盖组(N1),整合(被覆盖),表I-15所列;昌吉河群,245(表I-15)
第三系,中新统,准噶尔区北缘(乌伦古河地区),哈拉玛盖组,索索泉组(E3),整合,独山子组(N2),整合(被覆盖),表I-15所列;昌吉河群,245(表I-15)
第三系,始新-渐新统,准噶尔区,安集海组,紫泥泉子组(E1-2),整合,沙湾组(E3-N1),整合,,239
第三系,渐新-中新统,准噶尔区,沙湾组(昌吉河群),安集海组(E2-3),整合,塔西河组(N1),整合,,239
第三系,中新统,准噶尔区,塔西河组(昌吉河群),沙湾组(E3-N1),整合,独山子组(N2),整合,,240
第三系,上新统,准噶尔区,独山子组(昌吉河群),塔西河组(N1),整合,西域组(Qp1),整合,,240
第三系,上古新统,天山区(吐哈盆地),台子组,苏巴什组(K2),平行不整合,大步组(E2),平行不整合,,240
第三系,下始新统,天山区(吐哈盆地),大步组,苏巴什组(K2),平行不整合,十三间房组(E2),整合,,240
第三系,下始新统,天山区(吐哈盆地),十三间房组,大步组(E2),整合,连坎组(E2),平行不整合,,240
第三系,上始新统,天山区(吐哈盆地),连坎组,十三间房组(E2),平行不整合,桃树园子组(E3-N1),平行不整合(被覆盖),,240-241
第三系,渐新-中新统,天山区(吐哈盆地),桃树园子组,连坎组(E2),平行不整合,葡萄沟组(N2),整合或平行不整合(被覆盖),,241
第三系,上新统,天山区(吐哈盆地),葡萄沟组,桃树园子组(E3-N1)/白垩系,整合或平行不整合/平行不整合,西域组(Qp1),整合(被覆盖),,241
第三系,古新统,塔里木区,阿尔塔什组(喀什群),吐依洛克组(K2),不整合或平行不整合,齐姆根组(E1-2),整合,白色石膏夹白云岩,230 241
第三系,古新-始新统,塔里木区,齐姆根组(喀什群),阿尔塔什组(E1),整合,卡拉塔尔组(E2),整合,,241
第三系,下-中始新统,塔里木区,卡拉塔尔组(喀什群),齐姆根组(E1-2),整合,乌拉根组(E2),整合,,241-242
第三系,中-上始新统,塔里木区,乌拉根组(喀什群),卡拉塔尔组(E2),整合,巴什布拉克组(E3),整合,,242
第三系,始新-渐新统,塔里木区,巴什布拉克组(喀什群),乌拉根组(E2),整合,克孜洛依组(N1),平行不整合(局部微角度不整合被覆盖),五个岩性段,242
第三系,中新统,塔里木区,克孜洛依组(乌恰群),巴什布拉克组(E3),平行不整合(局部微角度不整合),安居安组(N1),整合,底部石膏层膏泥岩,242-243
第三系,中新统,塔里木区,安居安组(乌恰群),克孜洛依组(N1),整合,帕卡布拉克组(N1),整合,,243
第三系,中新统,塔里木区,帕卡布拉克组(乌恰群),安居安组(N1),整合,阿图什组(N2),整合,,243
第三系,上新统,塔里木区,阿图什组,帕卡布拉克组(N1),整合,西域组(Qp1),整合(昆仑山前不整合被覆盖),棕灰黄褐色碎屑岩600-3400m,243 252-253
第三系,古新-始新统,塔里木区库车,库姆格列木群,恰克马克其组(K2),不整合或平行不整合,苏布依组(E3),整合(被覆盖),与喀什群相当层位(陆相为主),229 245(表I-15)
第三系,渐新统,塔里木区库车,苏布依组,库姆格列木群(E1-2),整合,吉迪克组(E3-N1),整合(被覆盖),表I-15所列,245(表I-15)
第三系,渐新-中新统,塔里木区库车,吉迪克组,苏布依组(E3),整合,康村组(N1),整合(被覆盖),表I-15所列,245(表I-15)
第三系,中新统,塔里木区库车,康村组,吉迪克组(E3-N1),整合,库车组(N2),整合(被覆盖),表I-15所列,245(表I-15)
第三系,上新统,塔里木区库车,库车组,康村组(N1),整合,西域组(Qp1),整合(被覆盖),表I-15所列,245(表I-15)
第三系,渐新统,昆仑山区(吐拉-芒崖),(渐新统未建组),古生代及中生代地层,不整合(超覆),石马沟组(N1-2),—,,243
第三系,中新-上新统,昆仑山区(若羌刀背梁),石马沟组,—,底界未出露,石壁梁组(N),整合,,243
第三系,中-上新统,昆仑山区,石壁梁组,石马沟组(N1-2),整合,—,—,含铜砂岩,243
第三系,上新统,昆仑区,红梁组,石马沟组/石壁梁组(N),本志未明确记述,—,—,表I-15所列;与石壁梁组并列或相当,245(表I-15)
第三系,下第三系,喀喇昆仑区,阿克塔什群,—,—,—,—,含货币虫海相灰岩夹砂岩泥灰岩砂砾岩;表I-15所列,236 245(表I-15)
第四系,下更新统,全疆(山麓及山间盆地),西域组,阿图什组(N2)/独山子组(N2)/葡萄沟组(N2),整合(昆仑山前不整合),乌苏群(Qp2),不整合(被覆盖),山麓相磨拉石;与下伏地层一起褶皱错断,252-253
第四系,中更新统,全疆,乌苏群,西域组(Qp1)或更老地层,不整合,新疆群(Qp3),平行不整合(被覆盖),高阶地砾石层;属间冰期或包含冰期沉积,253-254 261
第四系,中更新统,乌伦古河-淖毛湖等,湖积层,西域组(Qp1)/第三系,角度不整合,新疆群(Qp3),平行不整合(被覆盖),,257
第四系,中更新统,沙湾南石场,石场黄土,上更新统黄土之间夹10m砾石层,—,—,—,含Palaeoloxodon namadicus,257
第四系,上更新统,全疆(山前地带),新疆群,乌苏群(Qp2),平行不整合(存在较大沉积间断),全新统(Qh),角度不整合(被覆盖),冲洪积扇及倾斜戈壁砾石层,257-259
第四系,上更新统,山区,冰碛层(早晚两期冰碛),乌苏群(Qp2)或更老地层,平行不整合/不整合,全新统(Qh),不整合(被覆盖),大青河冰期/喀纳斯冰期等,256-257
第四系,上更新统,山前,冰水沉积,—,—,—,—,冲乎尔盆地等,258
第四系,上更新统,天山北坡-准噶尔西部-伊犁-塔城-昆仑山北坡,黄土沉积层(马兰黄土),—,—,—,—,额敏呼图壁等地,259
第四系,上更新统,阿拉塔格-库木塔格-柯坪塔格,风积,—,—,—,—,沙丘垒岗,259
第四系,上更新统,田南克里雅河-喀拉米兰河中游,火山堆积层,—,—,—,—,玄武岩橄榄粗面岩,259
第四系,全新统,全疆,冲积层/洪积层/湖积层/冰碛及冰水沉积/风积/化学沉积等,新疆群(Qp3)及一切老地层,平行不整合(冲积层)/不整合,—,—,一般厚30m最厚150m;不整合在老地层之上,259-260
